image,true_class,simple_rosa_canina,simple_rosa_damascena,simple_rosa_multiflora,simple_predicted,descriptive_rosa_canina,descriptive_rosa_damascena,descriptive_rosa_multiflora,descriptive_predicted,scientific_rosa_canina,scientific_rosa_damascena,scientific_rosa_multiflora,scientific_predicted,contextual_rosa_canina,contextual_rosa_damascena,contextual_rosa_multiflora,contextual_predicted,ensemble_rosa_canina,ensemble_rosa_damascena,ensemble_rosa_multiflora,ensemble_predicted
large (1).jpg,rosa_canina,0.4206,0.0118,0.5676,rosa_multiflora,0.7279,0.0002,0.2719,rosa_canina,0.3786,0.0149,0.6064,rosa_multiflora,0.8934,0.0236,0.083,rosa_canina,0.7776,0.0017,0.2207,rosa_canina
large (2).jpg,rosa_canina,0.2436,0.0182,0.7382,rosa_multiflora,0.5996,0.0007,0.3996,rosa_canina,0.4372,0.1039,0.4589,rosa_multiflora,0.8869,0.0056,0.1075,rosa_canina,0.7102,0.0033,0.2864,rosa_canina
large (3).jpg,rosa_canina,0.7645,0.0085,0.2269,rosa_canina,0.4858,0.0002,0.514,rosa_multiflora,0.5631,0.0196,0.4173,rosa_canina,0.7174,0.0124,0.2702,rosa_canina,0.765,0.0013,0.2337,rosa_canina
large (4).jpg,rosa_canina,0.4237,0.0385,0.5377,rosa_multiflora,0.6792,0.0003,0.3205,rosa_canina,0.722,0.1112,0.1668,rosa_canina,0.8727,0.0455,0.0818,rosa_canina,0.851,0.0045,0.1444,rosa_canina
large (5).jpg,rosa_canina,0.212,0.0149,0.7731,rosa_multiflora,0.221,0.0005,0.7786,rosa_multiflora,0.5069,0.0101,0.4829,rosa_canina,0.1557,0.0135,0.8308,rosa_multiflora,0.3447,0.0021,0.6531,rosa_multiflora
large (6).jpg,rosa_canina,0.4977,0.0102,0.4921,rosa_canina,0.9138,0.0009,0.0853,rosa_canina,0.7443,0.0091,0.2466,rosa_canina,0.938,0.002,0.0601,rosa_canina,0.9033,0.0009,0.0957,rosa_canina
large (7).jpg,rosa_canina,0.5754,0.012,0.4126,rosa_canina,0.2973,0.0002,0.7025,rosa_multiflora,0.402,0.0694,0.5286,rosa_multiflora,0.9874,0.0023,0.0103,rosa_canina,0.8285,0.0015,0.17,rosa_canina
large (8).jpg,rosa_canina,0.6529,0.0168,0.3303,rosa_canina,0.0632,0.0001,0.9366,rosa_multiflora,0.3526,0.1087,0.5387,rosa_multiflora,0.8941,0.0066,0.0993,rosa_canina,0.6162,0.0027,0.381,rosa_canina
large (9).jpg,rosa_canina,0.4673,0.0305,0.5022,rosa_multiflora,0.3453,0.0002,0.6545,rosa_multiflora,0.4585,0.0095,0.532,rosa_multiflora,0.8925,0.0075,0.1,rosa_canina,0.7123,0.0015,0.2863,rosa_canina
large.jpg,rosa_canina,0.1428,0.0227,0.8345,rosa_multiflora,0.8886,0.0007,0.1107,rosa_canina,0.1773,0.1068,0.7158,rosa_multiflora,0.9446,0.0025,0.053,rosa_canina,0.7308,0.0039,0.2653,rosa_canina
large (1).jpeg,rosa_damascena,0.1936,0.4952,0.3112,rosa_damascena,0.7135,0.2835,0.003,rosa_canina,0.2971,0.6974,0.0055,rosa_damascena,0.2093,0.5711,0.2197,rosa_damascena,0.6336,0.3336,0.0328,rosa_canina
large (1).jpg,rosa_damascena,0.1214,0.6473,0.2312,rosa_damascena,0.4342,0.3251,0.2407,rosa_canina,0.1503,0.8357,0.014,rosa_damascena,0.0039,0.9607,0.0354,rosa_damascena,0.1989,0.6841,0.117,rosa_damascena
large (10).jpg,rosa_damascena,0.1009,0.7453,0.1538,rosa_damascena,0.3085,0.6785,0.013,rosa_damascena,0.223,0.771,0.006,rosa_damascena,0.0018,0.947,0.0512,rosa_damascena,0.1416,0.8191,0.0393,rosa_damascena
large (2).jpeg,rosa_damascena,0.124,0.3021,0.5739,rosa_multiflora,0.9241,0.0631,0.0129,rosa_canina,0.3287,0.6487,0.0227,rosa_damascena,0.1541,0.48,0.3659,rosa_damascena,0.6723,0.214,0.1136,rosa_canina
large (2).jpg,rosa_damascena,0.2051,0.3565,0.4384,rosa_multiflora,0.7497,0.2401,0.0102,rosa_canina,0.2775,0.7026,0.0199,rosa_damascena,0.3559,0.3854,0.2588,rosa_damascena,0.6767,0.2538,0.0695,rosa_canina
large (3).jpg,rosa_damascena,0.1262,0.503,0.3707,rosa_damascena,0.6456,0.3479,0.0064,rosa_canina,0.2731,0.712,0.0149,rosa_damascena,0.0533,0.6022,0.3445,rosa_damascena,0.4562,0.4649,0.0789,rosa_damascena
large (4).jpg,rosa_damascena,0.2245,0.2123,0.5632,rosa_multiflora,0.8913,0.0944,0.0143,rosa_canina,0.8306,0.1466,0.0228,rosa_canina,0.199,0.2936,0.5074,rosa_multiflora,0.7982,0.1038,0.098,rosa_canina
large (5).jpg,rosa_damascena,0.0796,0.2778,0.6426,rosa_multiflora,0.833,0.1221,0.0448,rosa_canina,0.6956,0.1037,0.2007,rosa_canina,0.1187,0.0185,0.8628,rosa_multiflora,0.5886,0.0627,0.3487,rosa_canina
large.jpeg,rosa_damascena,0.1465,0.4162,0.4372,rosa_multiflora,0.5252,0.3973,0.0775,rosa_canina,0.436,0.5368,0.0272,rosa_damascena,0.1712,0.5014,0.3274,rosa_damascena,0.5395,0.315,0.1455,rosa_canina
large.jpg,rosa_damascena,0.0591,0.8629,0.078,rosa_damascena,0.0443,0.9548,0.0008,rosa_damascena,0.4111,0.5844,0.0045,rosa_damascena,0.0051,0.8027,0.1922,rosa_damascena,0.1073,0.8725,0.0202,rosa_damascena
large (1).jpg,rosa_multiflora,0.3357,0.025,0.6393,rosa_multiflora,0.1185,0.0001,0.8815,rosa_multiflora,0.0844,0.1338,0.7818,rosa_multiflora,0.0639,0.006,0.9301,rosa_multiflora,0.1718,0.0027,0.8256,rosa_multiflora
large (2).jpg,rosa_multiflora,0.4174,0.0222,0.5604,rosa_multiflora,0.0091,0.0,0.9909,rosa_multiflora,0.1113,0.0313,0.8573,rosa_multiflora,0.3324,0.0033,0.6643,rosa_multiflora,0.1667,0.0013,0.832,rosa_multiflora
large (3).jpg,rosa_multiflora,0.3323,0.0153,0.6523,rosa_multiflora,0.0363,0.0001,0.9636,rosa_multiflora,0.0945,0.0325,0.873,rosa_multiflora,0.1684,0.0033,0.8283,rosa_multiflora,0.1635,0.0014,0.8351,rosa_multiflora
large (4).jpg,rosa_multiflora,0.3931,0.0263,0.5806,rosa_multiflora,0.1294,0.0001,0.8705,rosa_multiflora,0.1751,0.1691,0.6558,rosa_multiflora,0.8649,0.0035,0.1316,rosa_canina,0.5087,0.0028,0.4885,rosa_canina
large (5).jpg,rosa_multiflora,0.3328,0.0168,0.6504,rosa_multiflora,0.0355,0.0001,0.9644,rosa_multiflora,0.0481,0.0141,0.9378,rosa_multiflora,0.7219,0.0007,0.2774,rosa_canina,0.2458,0.0008,0.7534,rosa_multiflora
large (6).jpg,rosa_multiflora,0.4864,0.0259,0.4877,rosa_multiflora,0.09,0.0001,0.9099,rosa_multiflora,0.2276,0.0535,0.7189,rosa_multiflora,0.5856,0.0029,0.4115,rosa_canina,0.4194,0.0015,0.5791,rosa_multiflora
large (7).jpg,rosa_multiflora,0.3543,0.0208,0.6248,rosa_multiflora,0.6313,0.0003,0.3684,rosa_canina,0.4847,0.0752,0.44,rosa_canina,0.7966,0.0013,0.202,rosa_canina,0.7121,0.0016,0.2863,rosa_canina
large (8).jpg,rosa_multiflora,0.3471,0.0092,0.6437,rosa_multiflora,0.0008,0.0,0.9991,rosa_multiflora,0.095,0.0066,0.8984,rosa_multiflora,0.0412,0.0058,0.953,rosa_multiflora,0.0437,0.0006,0.9557,rosa_multiflora
large (9).jpg,rosa_multiflora,0.1791,0.0253,0.7956,rosa_multiflora,0.0215,0.0,0.9785,rosa_multiflora,0.1994,0.0221,0.7785,rosa_multiflora,0.398,0.0018,0.6002,rosa_multiflora,0.1932,0.001,0.8058,rosa_multiflora
large.jpg,rosa_multiflora,0.2535,0.0303,0.7163,rosa_multiflora,0.0064,0.0,0.9936,rosa_multiflora,0.1397,0.0805,0.7798,rosa_multiflora,0.2031,0.0021,0.7947,rosa_multiflora,0.1172,0.0017,0.8812,rosa_multiflora
